{"user":{"userId":"a1ba72fc-e1ee-4610-b8b6-a28720ed89cb","createTime":"2025-04-20T00:19:17.000881+00:00","email":"angelreporters@gmail.com","profileImage":"users/a1ba72fc-e1ee-4610-b8b6-a28720ed89cb/ZhpVWgbokjkAkCAW-profile-picture.webp","givenName":"Audrey","familyName":"Evans","emailConfirmed":true,"tosAcceptedVersion":1,"sessionTierId":"2","birthDate":"1965-01-01T00:00:00+00:00","emailDomain":"gmail.com","grokDb":"shard-2-copy","googleEmail":"angelreporters@gmail.com","allowNsfwContent":true},"sessions":[{"sessionId":"aa0f58fa-6a02-46c9-8cbb-fea00a8a59af","userId":"a1ba72fc-e1ee-4610-b8b6-a28720ed89cb","createTime":"2025-09-27T02:00:33.627994+00:00","expirationTime":"2026-05-09T02:00:33.627994+00:00","status":"CONFIRMED","cfMetadata":{"ipAddress":"69.131.132.57","city":"Fort Collins","country":"US","continent":"NA","latitude":40.58526,"longitude":-105.08442,"region":"Colorado","regionCode":"CO","postalCode":"80523","timezone":"America/Denver","botScore":99,"verifiedBot":false,"connectionFingerprint":"undefined"},"userAgent":"GrokAppAndroid/1.0.20-release.00 (11020900) SM-S936U/15 (samsung;SM-S936U;samsung;pa2qsqw)","lastAuthTime":"2025-09-27T02:00:33.627994+00:00","signInMethod":"GOOGLE_OAUTH2"},{"sessionId":"421d666c-76ea-4977-b9c9-91dde54cafc7","userId":"a1ba72fc-e1ee-4610-b8b6-a28720ed89cb","createTime":"2025-10-23T16:24:49.751490+00:00","expirationTime":"2026-06-04T16:24:49.751490+00:00","status":"CONFIRMED","cfMetadata":{"ipAddress":"69.131.132.57","city":"Fort Collins","country":"US","continent":"NA","latitude":40.58526,"longitude":-105.08442,"region":"Colorado","regionCode":"CO","postalCode":"80523","timezone":"America/Denver"},"userAgent":"Mozilla/5.0 (Windows NT 10.0; Win64; x64) AppleWebKit/537.36 (KHTML, like Gecko) Chrome/141.0.0.0 Safari/537.36","lastAuthTime":"2025-10-23T16:24:49.751490+00:00","signInMethod":"GOOGLE_OAUTH2"},{"sessionId":"25fed21c-60ec-4187-9116-4fd7b3f1525a","userId":"a1ba72fc-e1ee-4610-b8b6-a28720ed89cb","createTime":"2025-07-08T21:31:58.465139+00:00","expirationTime":"2026-02-17T21:31:58.465139+00:00","status":"CONFIRMED","cfMetadata":{"ipAddress":"69.131.132.57","city":"Wellington","country":"US","continent":"NA","latitude":40.70387,"longitude":-105.00859,"region":"Colorado","regionCode":"CO","postalCode":"80549","timezone":"America/Denver","botScore":99,"verifiedBot":false,"connectionFingerprint":"undefined"},"userAgent":"GrokAppAndroid/0.5.22 (107) SM-S936U/15 (samsung;SM-S936U;samsung;pa2qsqw)","lastAuthTime":"2025-07-08T21:31:58.465139+00:00","signInMethod":"GOOGLE_OAUTH2"},{"sessionId":"51e0e44a-c1e7-478e-a368-a8458e4e2ec0","userId":"a1ba72fc-e1ee-4610-b8b6-a28720ed89cb","createTime":"2026-02-15T17:30:55.958102+00:00","expirationTime":"2026-09-27T17:30:55.958102+00:00","status":"CONFIRMED","cfMetadata":{"ipAddress":"96.61.73.175","city":"Johnstown","country":"US","continent":"NA","latitude":40.33693,"longitude":-104.9122,"region":"Colorado","regionCode":"CO","metro":"751","postalCode":"80534","timezone":"America/Denver"},"userAgent":"Mozilla/5.0 (Linux; Android 10; K) AppleWebKit/537.36 (KHTML, like Gecko) Chrome/145.0.0.0 Mobile Safari/537.36","lastAuthTime":"2026-02-15T17:30:55.958102+00:00","signInMethod":"GOOGLE_OAUTH2"}],"teams":[],"invitations":[],"api_keys":[],"management_api_keys":[],"team_acls":{}}